username,first_name,last_name,email,password
tylerstevens,Earl,Young,nancycole@example.net,2%0(P)pP$f
schwartzjessica,Jason,Gomez,chad25@example.org,#ics+xAy1^
david66,Nicole,Garcia,curtisangela@example.com,d*ov4oGsqa
suzanne86,Lori,Calhoun,mturner@example.net,80ORymvk*a
matthew39,Shane,Morris,tracyjimenez@example.net,z_x7SlXX&P
ratkins,Victor,Short,jenniferparker@example.com,rF$#1Oqm9(
monica31,Kimberly,Johnson,garciadiane@example.com,!TBaCis!65
dbrooks,Benjamin,Crane,brandonjones@example.org,1I%X$Z*y#0
allengarcia,William,Small,qpollard@example.com,h5DQhL4i^F
morrismichael,Louis,Oliver,johnsonstephanie@example.org,&1FkJ9fNhB
